{
  "mean": [
    49.86311679794371,
    11.364583333333334,
    3.4905325512569942,
    25.08563672945583,
    60.37575866891835
  ],
  "scale": [
    28.780074393136633,
    6.997558788109967,
    1.9947063530929745,
    5.741616184130383,
    17.354177572628995
  ],
  "feature_names": [
    "moisture",
    "hour",
    "days_since_water",
    "temperature",
    "air_humidity"
  ]
}