{
  "mean": [
    48.96804551157402,
    11.434583333333334,
    3.4634503808025934,
    24.999851660468757,
    59.644898985462135
  ],
  "scale": [
    28.717176290935388,
    7.023701824991494,
    2.0382007071313892,
    5.732475990763128,
    17.220616453882077
  ],
  "feature_names": [
    "moisture",
    "hour",
    "days_since_water",
    "temperature",
    "air_humidity"
  ]
}